"1","1","1","1","1","925"                                                                                                                                                                                                                                                                                                                                                                                                                                                                                                      
"2","1","1","2","2","1050"                                                                                                                                                                                                                                                                                                                                                                                                                                                                                                     
"3","1","2","2","1","1050"                                                                                                                                                                                                                                                                                                                                                                                                                                                                                                     
"4","1","2","3","2","1175"                                                                                                                                                                                                                                                                                                                                                                                                                                                                                                     
"5","1","3","3","1","1175"                                                                                                                                                                                                                                                                                                                                                                                                                                                                                                     
"6","1","3","4","2","1300"                                                                                                                                                                                                                                                                                                                                                                                                                                                                                                     
"7","1","4","4","1","1300"                                                                                                                                                                                                                                                                                                                                                                                                                                                                                                     
"8","1","4","5","2","1425"                                                                                                                                                                                                                                                                                                                                                                                                                                                                                                     
"9","1","5","5","1","1425"                                                                                                                                                                                                                                                                                                                                                                                                                                                                                                     
"10","1","5","6","2","1550"                                                                                                                                                                                                                                                                                                                                                                                                                                                                                                    
"11","1","6","6","1","1550"                                                                                                                                                                                                                                                                                                                                                                                                                                                                                                    
"12","1","6","7","2","1675"                                                                                                                                                                                                                                                                                                                                                                                                                                                                                                    
"13","1","7","7","1","1675"                                                                                                                                                                                                                                                                                                                                                                                                                                                                                                    
"14","1","7","8","2","1800"                                                                                                                                                                                                                                                                                                                                                                                                                                                                                                    
"15","1","8","8","1","1800"                                                                                                                                                                                                                                                                                                                                                                                                                                                                                                    
"16","1","8","9","2","1925"                                                                                                                                                                                                                                                                                                                                                                                                                                                                                                    
"17","1","9","9","1","1925"                                                                                                                                                                                                                                                                                                                                                                                                                                                                                                    
"18","1","10","10","1","2050"                                                                                                                                                                                                                                                                                                                                                                                                                                                                                                  
"19","1","11","3","2","1175"                                                                                                                                                                                                                                                                                                                                                                                                                                                                                                   
"20","1","12","9","1","1925"                                                                                                                                                                                                                                                                                                                                                                                                                                                                                                   
