id,activo,nombre,apellidos,email,telefono
1,1,Alba,Serrano Vidal,alba.serrano@correo.example,
2,1,Bruno,Salvatierra Ríos,bruno.salvatierra@correo.example,
3,1,Clara,Montiel Vega,clara.montiel@correo.example,
4,1,Diego,Valcárcel Soto,diego.valcarcel@correo.example,
5,1,Elena,Robles Luján,elena.robles@correo.example,
6,1,Fabio,Castañeda Soler,fabio.castaneda@correo.example,
7,1,Gala,Beltrán Olmedo,gala.beltran@correo.example,
8,0,Piero,Olivares,piero7ov@correo.example,
9,1,Inés,Valverde Pardo,ines.valverde@correo.example,
10,0,Joel,Montalvo Ferrer,joel.montalvo@correo.example,
11,1,Erin,Giorgiana,erinillovan@gmail.com,345678654
