id,activo,isbn,titulo,autor,precio_centimos,stock
1,1,9789900000013,El bosque de papel,Marina Valdovinos,925,20
2,1,9789900000020,Viaje a la luna azul,Tomás Arce Belmonte,1050,19
3,1,9789900000037,Python entre páginas,Alicia Vilar Castaño,1175,16
4,1,9789900000044,La ciudad de los faroles,Gabriel Sanz Oliva,1300,20
5,1,9789900000051,Recetas entre páginas,Celia Monfort,1425,19
6,1,9789900000068,El mapa de las mareas,Nicolás Brezo,1550,17
7,1,9789900000075,Historias del mar,Lara Cendales,1675,17
8,1,9789900000082,Jardines de invierno,Samuel Niebla,1800,17
9,1,9789900000099,La estación de los días lentos,Vera Alcántara,1925,17
10,1,9789900000105,Cuaderno de estrellas,Adrián Loma,2050,20
11,0,9789900000112,El reloj de las dunas,Irene Valcázar,2175,20
12,1,9789900000129,Un mundo por descubrir,Mateo Albor,2300,5
